DATE,MEMORY_TYPE,MODE,GRAIN,PERCENTAGE_INSERT,OCCURRENCES_INSERT,TIME_INSERT,FLUSH_INSERT,PERCENTAGE_INPLACE_INSERT,OCCURRENCES_INPLACE_INSERT,TIME_INPLACE_INSERT,FLUSH_INPLACE_INSERT,PERCENTAGE_LOOKUP,OCCURRENCES_LOOKUP,TIME_LOOKUP,FLUSH_LOOKUP,PERCENTAGE_UPDATE,OCCURRENCES_UPDATE,TIME_UPDATE,FLUSH_UPDATE,PERCENTAGE_REMOVE,OCCURRENCES_REMOVE,TIME_REMOVE,FLUSH_REMOVE,TOTAL_TIME(s), TOTAL_FLUSH
2019-3-29_20:17:47,PCM,DRAM_MODE,0,87,8743,0.002675,0.000000,88,77,0.000543,0.000000,100,1180,0.007893,0.000000,89,0,0.000000,0.000000,90,0,0.000000,0.000000,0.017336,1.000000
2019-3-29_20:18:5,PCM,DRAM_MODE,0,87,87065,0.010500,0.000000,88,944,0.024919,0.000000,100,11991,0.306327,0.000000,89,0,0.000000,0.000000,90,0,0.000000,0.000000,0.366848,1.000000
2019-3-29_20:18:48,PCM,DRAM_MODE,0,87,434858,0.055781,0.000000,88,4912,0.887602,0.000000,100,60230,10.840731,0.000000,89,0,0.000000,0.000000,90,0,0.000000,0.000000,11.907775,1.000000
2019-3-29_20:32:52,PCM,FLUSH_MODE,0,47,234547,0.313408,1407281.000000,48,4977,9.724906,25732.000000,98,250325,550.610786,250325.000000,99,5111,11.131671,24946.000000,100,5040,11.024519,9076.000000,582.975371,1717361.000000
2019-3-29_20:42:36,STT-RAM,FLUSH_MODE,0,47,234547,0.196286,1407281.000000,48,4977,9.732524,25732.000000,98,250325,551.231002,250325.000000,99,5111,11.140144,24946.000000,100,5040,11.031773,9076.000000,583.526052,1717361.000000
2019-3-29_20:52:19,PCM,FLUSH_MODE,0,47,234547,0.309274,1407281.000000,48,4977,9.730902,25732.000000,98,250325,550.776673,250325.000000,99,5111,11.133086,24946.000000,100,5040,11.025787,9076.000000,583.148996,1717361.000000
2019-3-29_21:2:2,STT-RAM,FLUSH_MODE,0,47,234547,0.202482,1407281.000000,48,4977,9.730715,25732.000000,98,250325,551.008125,250325.000000,99,5111,11.134094,24946.000000,100,5040,11.033080,9076.000000,583.308882,1717361.000000
2019-3-29_21:12:34,PCM,FLUSH_MODE,0,47,234547,0.316856,1407281.000000,48,4977,9.741132,25732.000000,98,250325,598.960276,250325.000000,99,5111,11.146997,24946.000000,100,5040,11.037872,9076.000000,631.376463,1717361.000000
2019-3-29_21:22:17,STT-RAM,FLUSH_MODE,0,47,234547,0.198957,1407281.000000,48,4977,9.720821,25732.000000,98,250325,550.449779,250325.000000,99,5111,11.122075,24946.000000,100,5040,11.016853,9076.000000,582.700827,1717361.000000
2019-3-29_21:31:59,PCM,FLUSH_MODE,0,47,234547,0.307197,1407281.000000,48,4977,9.725169,25732.000000,98,250325,550.545420,250325.000000,99,5111,11.128990,24946.000000,100,5040,11.025919,9076.000000,582.910165,1717361.000000
2019-3-29_21:41:43,STT-RAM,FLUSH_MODE,0,47,234547,0.194775,1407281.000000,48,4977,9.800739,25732.000000,98,250325,550.871459,250325.000000,99,5111,11.129373,24946.000000,100,5040,11.021126,9076.000000,583.212294,1717361.000000
2019-3-29_21:51:26,PCM,FLUSH_MODE,0,47,234547,0.310715,1407281.000000,48,4977,9.724680,25732.000000,98,250325,550.684886,250325.000000,99,5111,11.136038,24946.000000,100,5040,11.024151,9076.000000,583.046917,1717361.000000
2019-3-29_22:1:9,STT-RAM,FLUSH_MODE,0,47,234547,0.194067,1407281.000000,48,4977,9.729159,25732.000000,98,250325,550.879814,250325.000000,99,5111,11.140493,24946.000000,100,5040,11.026357,9076.000000,583.163425,1717361.000000
2019-3-29_22:1:27,PCM,FLUSH_MODE,0,7,35075,0.044957,210449.000000,8,4925,0.021732,25053.000000,98,449898,17.573568,449898.000000,99,5089,0.205321,20419.000000,100,5013,0.195866,5039.000000,18.131602,710859.000000
2019-3-29_22:1:46,STT-RAM,FLUSH_MODE,0,7,35075,0.027488,210449.000000,8,4925,0.020687,25053.000000,98,449898,18.763599,449898.000000,99,5089,0.216258,20419.000000,100,5013,0.208642,5039.000000,19.340308,710859.000000
2019-3-29_22:2:6,PCM,FLUSH_MODE,0,7,35075,0.044421,210449.000000,8,4925,0.022661,25053.000000,98,449898,18.696114,449898.000000,99,5089,0.218075,20419.000000,100,5013,0.208363,5039.000000,19.284898,710859.000000
2019-3-29_22:2:25,STT-RAM,FLUSH_MODE,0,7,35075,0.027120,210449.000000,8,4925,0.020638,25053.000000,98,449898,18.807187,449898.000000,99,5089,0.216796,20419.000000,100,5013,0.209199,5039.000000,19.382145,710859.000000
2019-3-29_22:2:44,PCM,FLUSH_MODE,0,7,35075,0.045951,210449.000000,8,4925,0.022817,25053.000000,98,449898,18.672651,449898.000000,99,5089,0.217800,20419.000000,100,5013,0.208395,5039.000000,19.263597,710859.000000
2019-3-29_22:3:3,STT-RAM,FLUSH_MODE,0,7,35075,0.026980,210449.000000,8,4925,0.019606,25053.000000,98,449898,17.750333,449898.000000,99,5089,0.204473,20419.000000,100,5013,0.197133,5039.000000,18.296376,710859.000000
2019-3-29_22:3:21,PCM,FLUSH_MODE,0,7,35075,0.045094,210449.000000,8,4925,0.021704,25053.000000,98,449898,17.622218,449898.000000,99,5089,0.205768,20419.000000,100,5013,0.196295,5039.000000,18.178957,710859.000000
2019-3-29_22:3:40,STT-RAM,FLUSH_MODE,0,7,35075,0.027296,210449.000000,8,4925,0.020540,25053.000000,98,449898,18.797450,449898.000000,99,5089,0.216727,20419.000000,100,5013,0.208628,5039.000000,19.376071,710859.000000
2019-3-29_22:3:59,PCM,FLUSH_MODE,0,7,35075,0.044300,210449.000000,8,4925,0.022549,25053.000000,98,449898,18.409353,449898.000000,99,5089,0.214845,20419.000000,100,5013,0.205102,5039.000000,18.989743,710859.000000
2019-3-29_22:4:17,STT-RAM,FLUSH_MODE,0,7,35075,0.026562,210449.000000,8,4925,0.019469,25053.000000,98,449898,17.570770,449898.000000,99,5089,0.202457,20419.000000,100,5013,0.194998,5039.000000,18.111582,710859.000000
2019-3-29_22:5:10,PCM,FLUSH_MODE,0,87,434877,0.592898,2609261.000000,88,4933,3.921719,24665.000000,98,50115,39.746384,50115.000000,99,5062,4.022023,25310.000000,100,5013,4.064314,10026.000000,52.478857,2719378.000000
2019-3-29_22:6:1,STT-RAM,FLUSH_MODE,0,87,434877,0.362616,2609261.000000,88,4933,3.872150,24665.000000,98,50115,39.254760,50115.000000,99,5062,3.978785,25310.000000,100,5013,4.021334,10026.000000,51.661009,2719378.000000
2019-3-29_22:6:54,PCM,FLUSH_MODE,0,87,434877,0.574015,2609261.000000,88,4933,3.893332,24665.000000,98,50115,39.428018,50115.000000,99,5062,3.982715,25310.000000,100,5013,4.042812,10026.000000,52.051574,2719378.000000
2019-3-29_22:7:45,STT-RAM,FLUSH_MODE,0,87,434877,0.367575,2609261.000000,88,4933,3.894943,24665.000000,98,50115,39.440071,50115.000000,99,5062,3.988999,25310.000000,100,5013,4.041176,10026.000000,51.904506,2719378.000000
2019-3-29_22:8:38,PCM,FLUSH_MODE,0,87,434877,0.572638,2609261.000000,88,4933,3.913447,24665.000000,98,50115,39.621308,50115.000000,99,5062,4.008436,25310.000000,100,5013,4.053103,10026.000000,52.298804,2719378.000000
2019-3-29_22:9:30,STT-RAM,FLUSH_MODE,0,87,434877,0.383455,2609261.000000,88,4933,3.912466,24665.000000,98,50115,39.575717,50115.000000,99,5062,3.998611,25310.000000,100,5013,4.046772,10026.000000,52.087105,2719378.000000
2019-3-29_22:10:19,PCM,FLUSH_MODE,0,87,434877,0.561897,2609261.000000,88,4933,3.710074,24665.000000,98,50115,37.578032,50115.000000,99,5062,3.803222,25310.000000,100,5013,3.844881,10026.000000,49.620252,2719378.000000
2019-3-29_22:11:9,STT-RAM,FLUSH_MODE,0,87,434877,0.346872,2609261.000000,88,4933,3.727401,24665.000000,98,50115,37.802621,50115.000000,99,5062,3.823574,25310.000000,100,5013,3.858312,10026.000000,49.715841,2719378.000000
2019-3-29_22:11:59,PCM,FLUSH_MODE,0,87,434877,0.600898,2609261.000000,88,4933,3.715506,24665.000000,98,50115,37.595395,50115.000000,99,5062,3.806088,25310.000000,100,5013,3.874402,10026.000000,49.715541,2719378.000000
2019-3-29_22:12:48,STT-RAM,FLUSH_MODE,0,87,434877,0.368989,2609261.000000,88,4933,3.698346,24665.000000,98,50115,37.499293,50115.000000,99,5062,3.794992,25310.000000,100,5013,3.838103,10026.000000,49.362244,2719378.000000
2019-3-29_22:22:31,PCM,BOPL_UNDO_LOG_MODE,1,47,234547,0.041920,0.000000,48,4977,9.730652,9928.000000,98,250325,550.915792,0.000000,99,5111,11.134390,8235.000000,100,5040,11.028510,8054.000000,583.023169,26218.000000
2019-3-29_22:32:16,STT-RAM,BOPL_UNDO_LOG_MODE,1,47,234547,0.045123,0.000000,48,4977,9.751769,9928.000000,98,250325,552.097046,0.000000,99,5111,11.149722,8235.000000,100,5040,11.052831,8054.000000,584.277954,26218.000000
2019-3-29_22:41:59,PCM,BOPL_UNDO_LOG_MODE,1,47,234547,0.041552,0.000000,48,4977,9.736004,9928.000000,98,250325,551.282590,0.000000,99,5111,11.137369,8235.000000,100,5040,11.033121,8054.000000,583.406886,26218.000000
2019-3-29_22:51:44,STT-RAM,BOPL_UNDO_LOG_MODE,1,47,234547,0.055239,0.000000,48,4977,9.767052,9928.000000,98,250325,552.836063,0.000000,99,5111,11.185506,8235.000000,100,5040,11.056763,8054.000000,585.088069,26218.000000
2019-3-29_23:1:28,PCM,BOPL_UNDO_LOG_MODE,1,47,234547,0.042107,0.000000,48,4977,9.747656,9928.000000,98,250325,551.896078,0.000000,99,5111,11.154061,8235.000000,100,5040,11.055611,8054.000000,584.066640,26218.000000
2019-3-29_23:11:12,STT-RAM,BOPL_UNDO_LOG_MODE,1,47,234547,0.040905,0.000000,48,4977,9.745205,9928.000000,98,250325,551.963527,0.000000,99,5111,11.149750,8235.000000,100,5040,11.045299,8054.000000,584.133195,26218.000000
2019-3-29_23:20:56,PCM,BOPL_UNDO_LOG_MODE,1,47,234547,0.050756,0.000000,48,4977,9.744989,9928.000000,98,250325,551.699351,0.000000,99,5111,11.143392,8235.000000,100,5040,11.041817,8054.000000,583.853342,26218.000000
2019-3-29_23:30:40,STT-RAM,BOPL_UNDO_LOG_MODE,1,47,234547,0.041736,0.000000,48,4977,9.739647,9928.000000,98,250325,551.406168,0.000000,99,5111,11.139219,8235.000000,100,5040,11.037868,8054.000000,583.554310,26218.000000
2019-3-29_23:40:24,PCM,BOPL_UNDO_LOG_MODE,1,47,234547,0.039544,0.000000,48,4977,9.744853,9928.000000,98,250325,551.747465,0.000000,99,5111,11.143448,8235.000000,100,5040,11.046861,8054.000000,583.896830,26218.000000
2019-3-29_23:50:8,STT-RAM,BOPL_UNDO_LOG_MODE,1,47,234547,0.041024,0.000000,48,4977,9.743043,9928.000000,98,250325,551.663252,0.000000,99,5111,11.158002,8235.000000,100,5040,11.046486,8054.000000,583.838101,26218.000000
2019-3-29_23:50:25,PCM,BOPL_UNDO_LOG_MODE,1,7,35075,0.004273,0.000000,8,4925,0.018892,9826.000000,98,449898,17.468735,0.000000,99,5089,0.199652,66.000000,100,5013,0.194505,52.000000,17.976840,9945.000000
2019-3-29_23:50:43,STT-RAM,BOPL_UNDO_LOG_MODE,1,7,35075,0.004305,0.000000,8,4925,0.019208,9826.000000,98,449898,17.482921,0.000000,99,5089,0.199804,66.000000,100,5013,0.194680,52.000000,17.993726,9945.000000
2019-3-29_23:51:3,PCM,BOPL_UNDO_LOG_MODE,1,7,35075,0.004191,0.000000,8,4925,0.019005,9826.000000,98,449898,19.078235,0.000000,99,5089,0.200089,66.000000,100,5013,0.194560,52.000000,19.586832,9945.000000
2019-3-29_23:51:21,STT-RAM,BOPL_UNDO_LOG_MODE,1,7,35075,0.004422,0.000000,8,4925,0.023952,9826.000000,98,449898,17.710732,0.000000,99,5089,0.202422,66.000000,100,5013,0.197351,52.000000,18.234131,9945.000000
2019-3-29_23:51:40,PCM,BOPL_UNDO_LOG_MODE,1,7,35075,0.004289,0.000000,8,4925,0.025321,9826.000000,98,449898,17.779870,0.000000,99,5089,0.203665,66.000000,100,5013,0.198220,52.000000,18.304285,9945.000000
2019-3-29_23:51:59,STT-RAM,BOPL_UNDO_LOG_MODE,1,7,35075,0.004602,0.000000,8,4925,0.018912,9826.000000,98,449898,18.537009,0.000000,99,5089,0.212224,66.000000,100,5013,0.206459,52.000000,19.077263,9945.000000
2019-3-29_23:52:18,PCM,BOPL_UNDO_LOG_MODE,1,7,35075,0.004633,0.000000,8,4925,0.020001,9826.000000,98,449898,18.519682,0.000000,99,5089,0.211714,66.000000,100,5013,0.206349,52.000000,19.059206,9945.000000
2019-3-29_23:52:36,STT-RAM,BOPL_UNDO_LOG_MODE,1,7,35075,0.004360,0.000000,8,4925,0.018470,9826.000000,98,449898,18.067990,0.000000,99,5089,0.206582,66.000000,100,5013,0.201080,52.000000,18.599896,9945.000000
2019-3-29_23:52:55,PCM,BOPL_UNDO_LOG_MODE,1,7,35075,0.004559,0.000000,8,4925,0.020369,9826.000000,98,449898,17.917933,0.000000,99,5089,0.204695,66.000000,100,5013,0.199693,52.000000,18.442621,9945.000000
2019-3-29_23:53:13,STT-RAM,BOPL_UNDO_LOG_MODE,1,7,35075,0.004814,0.000000,8,4925,0.018649,9826.000000,98,449898,17.867764,0.000000,99,5089,0.204313,66.000000,100,5013,0.199512,52.000000,18.392902,9945.000000
2019-3-29_23:54:4,PCM,BOPL_UNDO_LOG_MODE,1,87,434877,0.065857,0.000000,88,4933,3.861750,9839.000000,98,50115,39.058913,0.000000,99,5062,3.950794,10100.000000,100,5013,3.994931,10002.000000,51.106406,29942.000000
2019-3-29_23:54:56,STT-RAM,BOPL_UNDO_LOG_MODE,1,87,434877,0.077527,0.000000,88,4933,3.894606,9839.000000,98,50115,39.342541,0.000000,99,5062,3.985983,10100.000000,100,5013,4.035701,10002.000000,51.522719,29942.000000
2019-3-29_23:55:45,PCM,BOPL_UNDO_LOG_MODE,1,87,434877,0.065054,0.000000,88,4933,3.742465,9839.000000,98,50115,37.843854,0.000000,99,5062,3.841781,10100.000000,100,5013,3.870721,10002.000000,49.544977,29942.000000
2019-3-29_23:56:37,STT-RAM,BOPL_UNDO_LOG_MODE,1,87,434877,0.066725,0.000000,88,4933,3.927795,9839.000000,98,50115,39.759857,0.000000,99,5062,4.025872,10100.000000,100,5013,4.071266,10002.000000,52.038671,29942.000000
2019-3-29_23:57:30,PCM,BOPL_UNDO_LOG_MODE,1,87,434877,0.065912,0.000000,88,4933,3.977019,9839.000000,98,50115,40.055310,0.000000,99,5062,4.055721,10100.000000,100,5013,4.101017,10002.000000,52.431397,29942.000000
2019-3-29_23:58:22,STT-RAM,BOPL_UNDO_LOG_MODE,1,87,434877,0.066939,0.000000,88,4933,3.919535,9839.000000,98,50115,39.656240,0.000000,99,5062,4.014044,10100.000000,100,5013,4.082900,10002.000000,51.922791,29942.000000
2019-3-29_23:59:14,PCM,BOPL_UNDO_LOG_MODE,1,87,434877,0.065664,0.000000,88,4933,3.927112,9839.000000,98,50115,39.772131,0.000000,99,5062,4.033795,10100.000000,100,5013,4.066619,10002.000000,52.041550,29942.000000
2019-3-30_0:0:6,STT-RAM,BOPL_UNDO_LOG_MODE,1,87,434877,0.065902,0.000000,88,4933,3.952274,9839.000000,98,50115,40.043191,0.000000,99,5062,4.051576,10100.000000,100,5013,4.108695,10002.000000,52.389022,29942.000000
2019-3-30_0:0:57,PCM,BOPL_UNDO_LOG_MODE,1,87,434877,0.065848,0.000000,88,4933,3.816343,9839.000000,98,50115,38.547681,0.000000,99,5062,3.903920,10100.000000,100,5013,3.956957,10002.000000,50.472349,29942.000000
2019-3-30_0:1:46,STT-RAM,BOPL_UNDO_LOG_MODE,1,87,434877,0.066026,0.000000,88,4933,3.823318,9839.000000,98,50115,37.854862,0.000000,99,5062,3.838293,10100.000000,100,5013,3.868649,10002.000000,49.636481,29942.000000
2019-3-30_0:5:43,PCM,BOPL_HASH_MAP_MODE,1,47,234547,0.035062,0.000000,48,4977,3.933244,0.000000,98,250325,222.917327,0.000000,99,5111,4.536245,0.000000,100,5040,4.514279,0.000000,236.075541,1.000000
2019-3-30_0:8:47,STT-RAM,BOPL_HASH_MAP_MODE,1,47,234547,0.034806,0.000000,48,4977,3.073427,0.000000,98,250325,173.870815,0.000000,99,5111,3.533178,0.000000,100,5040,3.529968,0.000000,184.176453,1.000000
2019-3-30_0:11:51,PCM,BOPL_HASH_MAP_MODE,1,47,234547,0.033745,0.000000,48,4977,3.073220,0.000000,98,250325,173.649585,0.000000,99,5111,3.528984,0.000000,100,5040,3.523107,0.000000,183.936526,1.000000
2019-3-30_0:14:55,STT-RAM,BOPL_HASH_MAP_MODE,1,47,234547,0.033712,0.000000,48,4977,3.067795,0.000000,98,250325,173.848257,0.000000,99,5111,3.544104,0.000000,100,5040,3.522477,0.000000,184.148324,1.000000
2019-3-30_0:17:59,PCM,BOPL_HASH_MAP_MODE,1,47,234547,0.033124,0.000000,48,4977,3.073847,0.000000,98,250325,174.005778,0.000000,99,5111,3.540447,0.000000,100,5040,3.530906,0.000000,184.310871,1.000000
2019-3-30_0:21:55,STT-RAM,BOPL_HASH_MAP_MODE,1,47,234547,0.035974,0.000000,48,4977,3.938721,0.000000,98,250325,223.165319,0.000000,99,5111,4.537550,0.000000,100,5040,4.506726,0.000000,236.330924,1.000000
2019-3-30_0:25:0,PCM,BOPL_HASH_MAP_MODE,1,47,234547,0.035231,0.000000,48,4977,3.075534,0.000000,98,250325,174.254068,0.000000,99,5111,3.543499,0.000000,100,5040,3.534258,0.000000,184.568273,1.000000
2019-3-30_0:28:56,STT-RAM,BOPL_HASH_MAP_MODE,1,47,234547,0.036250,0.000000,48,4977,3.938876,0.000000,98,250325,223.232710,0.000000,99,5111,4.534831,0.000000,100,5040,4.512958,0.000000,236.398451,1.000000
2019-3-30_0:32:1,PCM,BOPL_HASH_MAP_MODE,1,47,234547,0.037070,0.000000,48,4977,3.077863,0.000000,98,250325,174.498738,0.000000,99,5111,3.548380,0.000000,100,5040,3.529004,0.000000,184.819565,1.000000
2019-3-30_0:35:6,STT-RAM,BOPL_HASH_MAP_MODE,1,47,234547,0.033673,0.000000,48,4977,3.079490,0.000000,98,250325,174.030141,0.000000,99,5111,3.537903,0.000000,100,5040,3.531376,0.000000,184.351318,1.000000
2019-3-30_0:35:15,PCM,BOPL_HASH_MAP_MODE,1,7,35075,0.004062,0.000000,8,4925,0.010278,0.000000,98,449898,9.163124,0.000000,99,5089,0.106180,0.000000,100,5013,0.102781,0.000000,9.468739,1.000000
2019-3-30_0:35:25,STT-RAM,BOPL_HASH_MAP_MODE,1,7,35075,0.004490,0.000000,8,4925,0.010811,0.000000,98,449898,9.251739,0.000000,99,5089,0.107209,0.000000,100,5013,0.103879,0.000000,9.566617,1.000000
2019-3-30_0:35:34,PCM,BOPL_HASH_MAP_MODE,1,7,35075,0.004379,0.000000,8,4925,0.010679,0.000000,98,449898,9.134595,0.000000,99,5089,0.105778,0.000000,100,5013,0.102539,0.000000,9.441568,1.000000
2019-3-30_0:35:44,STT-RAM,BOPL_HASH_MAP_MODE,1,7,35075,0.004381,0.000000,8,4925,0.010695,0.000000,98,449898,9.126411,0.000000,99,5089,0.105676,0.000000,100,5013,0.102293,0.000000,9.437089,1.000000
2019-3-30_0:35:53,PCM,BOPL_HASH_MAP_MODE,1,7,35075,0.004108,0.000000,8,4925,0.010190,0.000000,98,449898,9.143515,0.000000,99,5089,0.105843,0.000000,100,5013,0.102538,0.000000,9.448797,1.000000
2019-3-30_0:36:2,STT-RAM,BOPL_HASH_MAP_MODE,1,7,35075,0.004528,0.000000,8,4925,0.010707,0.000000,98,449898,9.116249,0.000000,99,5089,0.105621,0.000000,100,5013,0.102270,0.000000,9.423796,1.000000
2019-3-30_0:36:12,PCM,BOPL_HASH_MAP_MODE,1,7,35075,0.051990,0.000000,8,4925,0.010304,0.000000,98,449898,9.179706,0.000000,99,5089,0.106341,0.000000,100,5013,0.102885,0.000000,9.535979,1.000000
2019-3-30_0:36:21,STT-RAM,BOPL_HASH_MAP_MODE,1,7,35075,0.004424,0.000000,8,4925,0.010818,0.000000,98,449898,9.174058,0.000000,99,5089,0.106184,0.000000,100,5013,0.102960,0.000000,9.486758,1.000000
2019-3-30_0:36:31,PCM,BOPL_HASH_MAP_MODE,1,7,35075,0.004450,0.000000,8,4925,0.010685,0.000000,98,449898,9.160956,0.000000,99,5089,0.105468,0.000000,100,5013,0.102421,0.000000,9.466941,1.000000
2019-3-30_0:36:41,STT-RAM,BOPL_HASH_MAP_MODE,1,7,35075,0.004600,0.000000,8,4925,0.011293,0.000000,98,449898,9.725893,0.000000,99,5089,0.112567,0.000000,100,5013,0.109026,0.000000,10.053252,1.000000
2019-3-30_0:36:50,PCM,BOPL_HASH_MAP_MODE,1,87,434877,0.053007,0.000000,88,4933,0.671953,0.000000,98,50115,6.748116,0.000000,99,5062,0.681500,0.000000,100,5013,0.673267,0.000000,9.006892,1.000000
2019-3-30_0:36:59,STT-RAM,BOPL_HASH_MAP_MODE,1,87,434877,0.052740,0.000000,88,4933,0.657200,0.000000,98,50115,6.609344,0.000000,99,5062,0.667779,0.000000,100,5013,0.659009,0.000000,8.815699,1.000000
2019-3-30_0:37:8,PCM,BOPL_HASH_MAP_MODE,1,87,434877,0.053243,0.000000,88,4933,0.668980,0.000000,98,50115,6.718952,0.000000,99,5062,0.677706,0.000000,100,5013,0.669801,0.000000,8.963214,1.000000
2019-3-30_0:37:17,STT-RAM,BOPL_HASH_MAP_MODE,1,87,434877,0.052941,0.000000,88,4933,0.667246,0.000000,98,50115,6.661376,0.000000,99,5062,0.672657,0.000000,100,5013,0.668005,0.000000,8.893166,1.000000
2019-3-30_0:37:26,PCM,BOPL_HASH_MAP_MODE,1,87,434877,0.053513,0.000000,88,4933,0.662584,0.000000,98,50115,6.641191,0.000000,99,5062,0.671857,0.000000,100,5013,0.664902,0.000000,8.869770,1.000000
2019-3-30_0:37:35,STT-RAM,BOPL_HASH_MAP_MODE,1,87,434877,0.053542,0.000000,88,4933,0.666265,0.000000,98,50115,6.688056,0.000000,99,5062,0.676897,0.000000,100,5013,0.667889,0.000000,8.921562,1.000000
2019-3-30_0:37:44,PCM,BOPL_HASH_MAP_MODE,1,87,434877,0.052208,0.000000,88,4933,0.681284,0.000000,98,50115,6.833470,0.000000,99,5062,0.689625,0.000000,100,5013,0.681113,0.000000,9.099654,1.000000
2019-3-30_0:37:53,STT-RAM,BOPL_HASH_MAP_MODE,1,87,434877,0.053252,0.000000,88,4933,0.667174,0.000000,98,50115,6.690235,0.000000,99,5062,0.674615,0.000000,100,5013,0.668516,0.000000,8.924232,1.000000
2019-3-30_0:38:1,PCM,BOPL_HASH_MAP_MODE,1,87,434877,0.052402,0.000000,88,4933,0.629885,0.000000,98,50115,6.317438,0.000000,99,5062,0.638049,0.000000,100,5013,0.630368,0.000000,8.441287,1.000000
2019-3-30_0:38:10,STT-RAM,BOPL_HASH_MAP_MODE,1,87,434877,0.048722,0.000000,88,4933,0.638220,0.000000,98,50115,6.342473,0.000000,99,5062,0.640559,0.000000,100,5013,0.633352,0.000000,8.448488,1.000000
2019-3-30_0:39:53,PCM,DRAM_MODE,0,47,234547,0.183741,0.000000,48,4977,1.713428,0.000000,98,250325,97.216768,0.000000,99,5111,2.344080,0.000000,100,5040,2.320876,0.000000,103.928561,1.000000
2019-3-30_0:41:38,STT-RAM,DRAM_MODE,0,47,234547,0.049374,0.000000,48,4977,1.720640,0.000000,98,250325,97.446979,0.000000,99,5111,2.354101,0.000000,100,5040,2.327746,0.000000,104.055938,1.000000
2019-3-30_0:43:21,PCM,DRAM_MODE,0,47,234547,0.049784,0.000000,48,4977,1.719572,0.000000,98,250325,97.098602,0.000000,99,5111,2.346551,0.000000,100,5040,2.327086,0.000000,103.691700,1.000000
2019-3-30_0:45:5,STT-RAM,DRAM_MODE,0,47,234547,0.050787,0.000000,48,4977,1.714622,0.000000,98,250325,96.979199,0.000000,99,5111,2.341880,0.000000,100,5040,2.319893,0.000000,103.558348,1.000000
2019-3-30_0:46:49,PCM,DRAM_MODE,0,47,234547,0.044563,0.000000,48,4977,1.715979,0.000000,98,250325,97.364744,0.000000,99,5111,2.348075,0.000000,100,5040,2.323057,0.000000,103.941677,1.000000
2019-3-30_0:48:33,STT-RAM,DRAM_MODE,0,47,234547,0.052015,0.000000,48,4977,1.729761,0.000000,98,250325,97.827404,0.000000,99,5111,2.362505,0.000000,100,5040,2.338260,0.000000,104.465337,1.000000
2019-3-30_0:50:17,PCM,DRAM_MODE,0,47,234547,0.075138,0.000000,48,4977,1.705281,0.000000,98,250325,96.820382,0.000000,99,5111,2.335083,0.000000,100,5040,2.316253,0.000000,103.400104,1.000000
2019-3-30_0:52:0,STT-RAM,DRAM_MODE,0,47,234547,0.043230,0.000000,48,4977,1.720498,0.000000,98,250325,97.232949,0.000000,99,5111,2.348263,0.000000,100,5040,2.327788,0.000000,103.839071,1.000000
2019-3-30_0:53:45,PCM,DRAM_MODE,0,47,234547,0.157677,0.000000,48,4977,1.721151,0.000000,98,250325,97.460263,0.000000,99,5111,2.413319,0.000000,100,5040,2.327597,0.000000,104.229360,1.000000
2019-3-30_0:55:28,STT-RAM,DRAM_MODE,0,47,234547,0.044667,0.000000,48,4977,1.717359,0.000000,98,250325,96.890615,0.000000,99,5111,2.340393,0.000000,100,5040,2.320183,0.000000,103.469942,1.000000
2019-3-30_0:55:32,PCM,DRAM_MODE,0,7,35075,0.003820,0.000000,8,4925,0.004037,0.000000,98,449898,3.717514,0.000000,99,5089,0.046921,0.000000,100,5013,0.045439,0.000000,3.899287,1.000000
2019-3-30_0:55:36,STT-RAM,DRAM_MODE,0,7,35075,0.003844,0.000000,8,4925,0.004055,0.000000,98,449898,3.725868,0.000000,99,5089,0.046922,0.000000,100,5013,0.045453,0.000000,3.908254,1.000000
2019-3-30_0:55:40,PCM,DRAM_MODE,0,7,35075,0.003911,0.000000,8,4925,0.004050,0.000000,98,449898,3.730537,0.000000,99,5089,0.046955,0.000000,100,5013,0.045542,0.000000,3.912370,1.000000
2019-3-30_0:55:44,STT-RAM,DRAM_MODE,0,7,35075,0.003596,0.000000,8,4925,0.004376,0.000000,98,449898,3.713197,0.000000,99,5089,0.046732,0.000000,100,5013,0.045339,0.000000,3.892566,1.000000
2019-3-30_0:55:48,PCM,DRAM_MODE,0,7,35075,0.004188,0.000000,8,4925,0.004374,0.000000,98,449898,3.992946,0.000000,99,5089,0.050334,0.000000,100,5013,0.048800,0.000000,4.184880,1.000000
2019-3-30_0:55:52,STT-RAM,DRAM_MODE,0,7,35075,0.003981,0.000000,8,4925,0.004186,0.000000,98,449898,3.833456,0.000000,99,5089,0.048332,0.000000,100,5013,0.046747,0.000000,4.020841,1.000000
2019-3-30_0:55:56,PCM,DRAM_MODE,0,7,35075,0.003702,0.000000,8,4925,0.004165,0.000000,98,449898,3.855244,0.000000,99,5089,0.048448,0.000000,100,5013,0.047053,0.000000,4.038817,1.000000
2019-3-30_0:56:0,STT-RAM,DRAM_MODE,0,7,35075,0.003837,0.000000,8,4925,0.004045,0.000000,98,449898,3.725488,0.000000,99,5089,0.046874,0.000000,100,5013,0.045421,0.000000,3.908158,1.000000
2019-3-30_0:56:4,PCM,DRAM_MODE,0,7,35075,0.003606,0.000000,8,4925,0.003988,0.000000,98,449898,3.704603,0.000000,99,5089,0.046703,0.000000,100,5013,0.045475,0.000000,3.879801,1.000000
2019-3-30_0:56:8,STT-RAM,DRAM_MODE,0,7,35075,0.003899,0.000000,8,4925,0.004070,0.000000,98,449898,3.731241,0.000000,99,5089,0.046962,0.000000,100,5013,0.045460,0.000000,3.914556,1.000000
2019-3-30_0:56:24,PCM,DRAM_MODE,0,87,434877,0.056601,0.000000,88,4933,1.207262,0.000000,98,50115,12.233627,0.000000,99,5062,1.247058,0.000000,100,5013,1.266722,0.000000,16.132476,1.000000
2019-3-30_0:56:40,STT-RAM,DRAM_MODE,0,87,434877,0.127521,0.000000,88,4933,1.162746,0.000000,98,50115,11.815094,0.000000,99,5062,1.205779,0.000000,100,5013,1.222953,0.000000,15.660802,1.000000
2019-3-30_0:56:55,PCM,DRAM_MODE,0,87,434877,0.054926,0.000000,88,4933,1.169140,0.000000,98,50115,11.846540,0.000000,99,5062,1.207162,0.000000,100,5013,1.225341,0.000000,15.625024,1.000000
2019-3-30_0:57:11,STT-RAM,DRAM_MODE,0,87,434877,0.055148,0.000000,88,4933,1.143566,0.000000,98,50115,11.612746,0.000000,99,5062,1.182057,0.000000,100,5013,1.198627,0.000000,15.318368,1.000000
2019-3-30_0:57:26,PCM,DRAM_MODE,0,87,434877,0.056144,0.000000,88,4933,1.187119,0.000000,98,50115,12.032070,0.000000,99,5062,1.230255,0.000000,100,5013,1.248246,0.000000,15.874773,1.000000
2019-3-30_0:57:43,STT-RAM,DRAM_MODE,0,87,434877,0.056963,0.000000,88,4933,1.200850,0.000000,98,50115,12.168224,0.000000,99,5062,1.241612,0.000000,100,5013,1.257876,0.000000,16.050857,1.000000
2019-3-30_0:57:58,PCM,DRAM_MODE,0,87,434877,0.054558,0.000000,88,4933,1.164500,0.000000,98,50115,11.792398,0.000000,99,5062,1.204065,0.000000,100,5013,1.220646,0.000000,15.556025,1.000000
2019-3-30_0:58:14,STT-RAM,DRAM_MODE,0,87,434877,0.056727,0.000000,88,4933,1.200679,0.000000,98,50115,12.167439,0.000000,99,5062,1.241319,0.000000,100,5013,1.259596,0.000000,16.052455,1.000000
2019-3-30_0:58:30,PCM,DRAM_MODE,0,87,434877,0.055352,0.000000,88,4933,1.163948,0.000000,98,50115,11.782498,0.000000,99,5062,1.208496,0.000000,100,5013,1.224808,0.000000,15.555632,1.000000
2019-3-30_0:58:45,STT-RAM,DRAM_MODE,0,87,434877,0.055756,0.000000,88,4933,1.176235,0.000000,98,50115,11.938254,0.000000,99,5062,1.217052,0.000000,100,5013,1.229714,0.000000,15.741715,1.000000
2019-4-1_17:0:30,STT-RAM,DRAM_MODE,0,7,70007,0.007631,0.000000,8,9994,0.014525,0.000000,98,899805,14.058675,0.000000,99,10091,0.171575,0.000000,100,10103,0.171843,0.000000,14.589609,1.000000
2019-4-1_17:43:18,PCM,FLUSH_MODE,0,47,470019,0.643104,2820113.000000,48,10074,42.457377,52012.000000,98,499736,2288.372731,499736.000000,99,10090,45.440617,49285.000000,100,10081,45.856560,18191.000000,2423.183208,3439338.000000
2019-4-1_18:10:29,STT-RAM,DRAM_MODE,0,7,56101,0.006432,0.000000,8,8058,0.009690,0.000000,98,719718,9.092074,0.000000,99,8075,0.111845,0.000000,100,8048,0.110990,0.000000,9.462670,1.000000
2019-4-1_18:24:14,STT-RAM,FLUSH_MODE,0,47,470019,0.418588,2820113.000000,48,10074,43.018748,52012.000000,98,499736,2320.222950,499736.000000,99,10090,46.059664,49285.000000,100,10081,46.491619,18191.000000,2456.726153,3439338.000000
2019-4-1_18:38:36,PCM,FLUSH_MODE,0,47,375485,0.518508,2252909.000000,48,8011,25.705610,41395.000000,98,400337,1410.385035,400337.000000,99,8138,28.352229,39727.000000,100,8029,27.943326,14457.000000,1493.248876,2748826.000000
2019-4-1_19:4:50,STT-RAM,FLUSH_MODE,0,47,375485,0.321300,2252909.000000,48,8011,27.087907,41395.000000,98,400337,1486.970955,400337.000000,99,8138,29.859237,39727.000000,100,8029,29.462504,14457.000000,1574.094130,2748826.000000
2019-4-1_20:0:33,PCM,FLUSH_MODE,0,47,375485,0.568385,2252909.000000,48,8011,27.111808,41395.000000,98,400337,1487.519526,400337.000000,99,8138,29.911558,39727.000000,100,8029,29.492168,14457.000000,1574.943139,2748826.000000
2019-4-1_20:27:0,STT-RAM,FLUSH_MODE,0,47,375485,0.320022,2252909.000000,48,8011,27.334141,41395.000000,98,400337,1499.399157,400337.000000,99,8138,30.146381,39727.000000,100,8029,29.715465,14457.000000,1587.294998,2748826.000000
2019-4-1_21:0:10,PCM,FLUSH_MODE,0,47,375485,0.509294,2252909.000000,48,8011,25.666654,41395.000000,98,400337,1410.216310,400337.000000,99,8138,28.315298,39727.000000,100,8029,27.907844,14457.000000,1492.945946,2748826.000000
2019-4-1_21:12:29,PCM,FLUSH_MODE,0,7,56101,0.071569,336605.000000,8,8058,0.050413,40976.000000,98,719718,43.797776,719718.000000,99,8075,0.499347,32390.000000,100,8048,0.489242,8096.000000,45.066489,1137786.000000
2019-4-1_21:13:16,STT-RAM,FLUSH_MODE,0,7,56101,0.043718,336605.000000,8,8058,0.048105,40976.000000,98,719718,45.122467,719718.000000,99,8075,0.509601,32390.000000,100,8048,0.503446,8096.000000,46.390036,1137786.000000
2019-4-1_21:14:3,PCM,FLUSH_MODE,0,7,56101,0.072097,336605.000000,8,8058,0.052121,40976.000000,98,719718,45.595376,719718.000000,99,8075,0.518942,32390.000000,100,8048,0.509193,8096.000000,46.906376,1137786.000000
2019-4-1_21:14:49,STT-RAM,FLUSH_MODE,0,7,56101,0.046395,336605.000000,8,8058,0.048226,40976.000000,98,719718,44.552621,719718.000000,99,8075,0.503529,32390.000000,100,8048,0.496083,8096.000000,45.812410,1137786.000000
2019-4-1_21:15:34,PCM,FLUSH_MODE,0,7,56101,0.074779,336605.000000,8,8058,0.051388,40976.000000,98,719718,43.893146,719718.000000,99,8075,0.500388,32390.000000,100,8048,0.490624,8096.000000,45.172408,1137786.000000
2019-4-1_21:16:17,STT-RAM,FLUSH_MODE,0,7,56101,0.043444,336605.000000,8,8058,0.045960,40976.000000,98,719718,42.483096,719718.000000,99,8075,0.480284,32390.000000,100,8048,0.474097,8096.000000,43.694181,1137786.000000
2019-4-1_21:17:4,PCM,FLUSH_MODE,0,7,56101,0.078611,336605.000000,8,8058,0.052986,40976.000000,98,719718,44.822556,719718.000000,99,8075,0.510593,32390.000000,100,8048,0.500709,8096.000000,46.122268,1137786.000000
2019-4-1_21:17:50,STT-RAM,FLUSH_MODE,0,7,56101,0.047822,336605.000000,8,8058,0.048638,40976.000000,98,719718,45.125771,719718.000000,99,8075,0.510148,32390.000000,100,8048,0.503245,8096.000000,46.403833,1137786.000000
2019-4-1_21:18:36,PCM,FLUSH_MODE,0,7,56101,0.073586,336605.000000,8,8058,0.052064,40976.000000,98,719718,44.805361,719718.000000,99,8075,0.510221,32390.000000,100,8048,0.500524,8096.000000,46.100070,1137786.000000
2019-4-1_21:19:23,STT-RAM,FLUSH_MODE,0,7,56101,0.048600,336605.000000,8,8058,0.049245,40976.000000,98,719718,45.386646,719718.000000,99,8075,0.512783,32390.000000,100,8048,0.506198,8096.000000,46.675404,1137786.000000
2019-4-1_21:21:38,PCM,FLUSH_MODE,0,87,695801,0.900563,4174805.000000,88,7956,10.252106,39780.000000,98,80192,102.618265,80192.000000,99,8057,10.357174,40285.000000,100,7994,10.372978,15988.000000,134.715415,4351051.000000
2019-4-1_21:23:48,STT-RAM,FLUSH_MODE,0,87,695801,0.549467,4174805.000000,88,7956,9.964529,39780.000000,98,80192,99.895624,80192.000000,99,8057,10.082504,40285.000000,100,7994,10.100145,15988.000000,130.859441,4351051.000000
2019-4-1_21:25:7,STT-RAM,FLUSH_MODE,0,47,375485,0.401721,2252909.000000,48,8011,25.779239,41395.000000,98,400337,1413.470754,400337.000000,99,8138,28.417012,39727.000000,100,8029,28.003193,14457.000000,1496.435330,2748826.000000
2019-4-1_21:25:50,PCM,FLUSH_MODE,0,7,56101,0.070862,336605.000000,8,8058,0.049225,40976.000000,98,719718,42.398665,719718.000000,99,8075,0.483515,32390.000000,100,8048,0.474050,8096.000000,43.624696,1137786.000000
2019-4-1_21:26:1,PCM,FLUSH_MODE,0,87,695801,0.894401,4174805.000000,88,7956,10.094008,39780.000000,98,80192,101.011597,80192.000000,99,8057,10.206543,40285.000000,100,7994,10.205038,15988.000000,132.624824,4351051.000000
2019-4-1_21:26:36,STT-RAM,FLUSH_MODE,0,7,56101,0.054631,336605.000000,8,8058,0.048283,40976.000000,98,719718,44.386029,719718.000000,99,8075,0.501730,32390.000000,100,8048,0.494657,8096.000000,45.649913,1137786.000000
2019-4-1_21:27:23,PCM,FLUSH_MODE,0,7,56101,0.073526,336605.000000,8,8058,0.052258,40976.000000,98,719718,45.365532,719718.000000,99,8075,0.516623,32390.000000,100,8048,0.507011,8096.000000,46.669955,1137786.000000
2019-4-1_21:28:7,STT-RAM,FLUSH_MODE,0,87,695801,0.548119,4174805.000000,88,7956,9.608041,39780.000000,98,80192,96.139786,80192.000000,99,8057,9.706659,40285.000000,100,7994,9.722700,15988.000000,125.985225,4351051.000000
2019-4-1_21:28:8,STT-RAM,FLUSH_MODE,0,7,56101,0.046812,336605.000000,8,8058,0.047688,40976.000000,98,719718,44.296686,719718.000000,99,8075,0.500699,32390.000000,100,8048,0.494400,8096.000000,45.560520,1137786.000000
2019-4-1_21:28:52,PCM,FLUSH_MODE,0,7,56101,0.070825,336605.000000,8,8058,0.049019,40976.000000,98,719718,42.584250,719718.000000,99,8075,0.485109,32390.000000,100,8048,0.476134,8096.000000,43.813425,1137786.000000
2019-4-1_21:29:36,STT-RAM,FLUSH_MODE,0,7,56101,0.049100,336605.000000,8,8058,0.046337,40976.000000,98,719718,42.513453,719718.000000,99,8075,0.480104,32390.000000,100,8048,0.473396,8096.000000,43.731951,1137786.000000
2019-4-1_21:30:19,PCM,FLUSH_MODE,0,87,695801,0.910478,4174805.000000,88,7956,10.078049,39780.000000,98,80192,100.826182,80192.000000,99,8057,10.175336,40285.000000,100,7994,10.189057,15988.000000,132.390965,4351051.000000
2019-4-1_21:30:19,PCM,FLUSH_MODE,0,7,56101,0.073962,336605.000000,8,8058,0.050094,40976.000000,98,719718,42.512165,719718.000000,99,8075,0.484871,32390.000000,100,8048,0.474782,8096.000000,43.747730,1137786.000000
2019-4-1_21:31:3,STT-RAM,FLUSH_MODE,0,7,56101,0.050018,336605.000000,8,8058,0.046169,40976.000000,98,719718,42.561002,719718.000000,99,8075,0.480675,32390.000000,100,8048,0.474383,8096.000000,43.771569,1137786.000000
2019-4-1_21:31:47,PCM,FLUSH_MODE,0,7,56101,0.072046,336605.000000,8,8058,0.049656,40976.000000,98,719718,42.490660,719718.000000,99,8075,0.484176,32390.000000,100,8048,0.474665,8096.000000,43.724013,1137786.000000
2019-4-1_21:32:31,STT-RAM,FLUSH_MODE,0,7,56101,0.043487,336605.000000,8,8058,0.045855,40976.000000,98,719718,42.420289,719718.000000,99,8075,0.478890,32390.000000,100,8048,0.472573,8096.000000,43.624535,1137786.000000
2019-4-1_21:32:33,STT-RAM,FLUSH_MODE,0,87,695801,0.638756,4174805.000000,88,7956,10.145794,39780.000000,98,80192,101.626706,80192.000000,99,8057,10.251745,40285.000000,100,7994,10.276598,15988.000000,133.243764,4351051.000000
2019-4-1_21:34:40,PCM,FLUSH_MODE,0,87,695801,0.897003,4174805.000000,88,7956,9.714753,39780.000000,98,80192,97.257280,80192.000000,99,8057,9.823608,40285.000000,100,7994,9.834747,15988.000000,127.733369,4351051.000000
2019-4-1_21:34:44,PCM,FLUSH_MODE,0,87,695801,0.945037,4174805.000000,88,7956,10.193505,39780.000000,98,80192,101.927890,80192.000000,99,8057,10.285180,40285.000000,100,7994,10.302718,15988.000000,133.874692,4351051.000000
2019-4-1_21:36:47,STT-RAM,FLUSH_MODE,0,87,695801,0.606395,4174805.000000,88,7956,9.656395,39780.000000,98,80192,96.743100,80192.000000,99,8057,9.762535,40285.000000,100,7994,9.779105,15988.000000,126.808791,4351051.000000
2019-4-1_21:36:59,STT-RAM,FLUSH_MODE,0,87,695801,0.624336,4174805.000000,88,7956,10.239485,39780.000000,98,80192,102.259149,80192.000000,99,8057,10.328972,40285.000000,100,7994,10.355613,15988.000000,134.072076,4351051.000000
2019-4-1_21:38:54,PCM,FLUSH_MODE,0,87,695801,0.878972,4174805.000000,88,7956,9.625670,39780.000000,98,80192,96.352064,80192.000000,99,8057,9.723865,40285.000000,100,7994,9.740792,15988.000000,126.524164,4351051.000000
2019-4-1_21:39:14,PCM,FLUSH_MODE,0,87,695801,0.941750,4174805.000000,88,7956,10.281538,39780.000000,98,80192,103.047363,80192.000000,99,8057,10.416346,40285.000000,100,7994,10.419381,15988.000000,135.329812,4351051.000000
2019-4-1_21:41:1,STT-RAM,FLUSH_MODE,0,87,695801,0.573832,4174805.000000,88,7956,9.681421,39780.000000,98,80192,96.970765,80192.000000,99,8057,9.779824,40285.000000,100,7994,9.798140,15988.000000,127.072987,4351051.000000
2019-4-1_22:7:14,PCM,BOPL_UNDO_LOG_MODE,1,47,375485,0.089955,0.000000,48,8011,27.109117,15977.000000,98,400337,1486.503070,0.000000,99,8138,29.844832,13127.000000,100,8029,29.471321,12829.000000,1573.345224,41934.000000
2019-4-1_22:33:29,STT-RAM,BOPL_UNDO_LOG_MODE,1,47,375485,0.079309,0.000000,48,8011,27.103953,15977.000000,98,400337,1487.871730,0.000000,99,8138,29.886465,13127.000000,100,8029,29.473011,12829.000000,1574.754723,41934.000000
2019-4-2_1:53:8,PCM,BOPL_UNDO_LOG_MODE,1,47,375485,0.083474,0.000000,48,8011,27.208921,15977.000000,98,400337,1493.197849,0.000000,99,8138,30.007741,13127.000000,100,8029,29.570085,12829.000000,1580.410860,41934.000000
2019-4-2_2:19:23,STT-RAM,BOPL_UNDO_LOG_MODE,1,47,375485,0.079171,0.000000,48,8011,27.126398,15977.000000,98,400337,1488.517831,0.000000,99,8138,29.924439,13127.000000,100,8029,29.531126,12829.000000,1575.544208,41934.000000
2019-4-2_3:14:56,PCM,BOPL_UNDO_LOG_MODE,1,7,56101,0.010647,0.000000,8,8058,0.047308,16076.000000,98,719718,44.714780,0.000000,99,8075,0.503864,96.000000,100,8048,0.499165,96.000000,45.931574,16269.000000
2019-4-2_3:15:41,STT-RAM,BOPL_UNDO_LOG_MODE,1,7,56101,0.012692,0.000000,8,8058,0.044840,16076.000000,98,719718,43.962034,0.000000,99,8075,0.494841,96.000000,100,8048,0.491265,96.000000,45.164743,16269.000000
2019-4-2_3:16:26,PCM,BOPL_UNDO_LOG_MODE,1,7,56101,0.008444,0.000000,8,8058,0.046481,16076.000000,98,719718,43.637588,0.000000,99,8075,0.491416,96.000000,100,8048,0.488027,96.000000,44.827569,16269.000000
2019-4-2_3:17:12,STT-RAM,BOPL_UNDO_LOG_MODE,1,7,56101,0.009044,0.000000,8,8058,0.045392,16076.000000,98,719718,44.676142,0.000000,99,8075,0.500874,96.000000,100,8048,0.498500,96.000000,45.899351,16269.000000
2019-4-2_3:17:58,PCM,BOPL_UNDO_LOG_MODE,1,7,56101,0.129366,0.000000,8,8058,0.048380,16076.000000,98,719718,44.604970,0.000000,99,8075,0.500867,96.000000,100,8048,0.498146,96.000000,45.937488,16269.000000
2019-4-2_3:18:41,STT-RAM,BOPL_UNDO_LOG_MODE,1,7,56101,0.007744,0.000000,8,8058,0.043019,16076.000000,98,719718,42.282738,0.000000,99,8075,0.475376,96.000000,100,8048,0.471971,96.000000,43.441090,16269.000000
2019-4-2_3:19:25,PCM,BOPL_UNDO_LOG_MODE,1,7,56101,0.011497,0.000000,8,8058,0.044886,16076.000000,98,719718,42.256837,0.000000,99,8075,0.474497,96.000000,100,8048,0.471682,96.000000,43.406770,16269.000000
2019-4-2_3:20:8,STT-RAM,BOPL_UNDO_LOG_MODE,1,7,56101,0.014873,0.000000,8,8058,0.043917,16076.000000,98,719718,42.399585,0.000000,99,8075,0.475928,96.000000,100,8048,0.473126,96.000000,43.563892,16269.000000
2019-4-2_3:20:52,PCM,BOPL_UNDO_LOG_MODE,1,7,56101,0.009685,0.000000,8,8058,0.045046,16076.000000,98,719718,42.279440,0.000000,99,8075,0.474163,96.000000,100,8048,0.472071,96.000000,43.427731,16269.000000
2019-4-2_3:21:35,STT-RAM,BOPL_UNDO_LOG_MODE,1,7,56101,0.008410,0.000000,8,8058,0.047121,16076.000000,98,719718,42.359561,0.000000,99,8075,0.476121,96.000000,100,8048,0.473196,96.000000,43.519872,16269.000000
2019-4-2_3:23:42,PCM,BOPL_UNDO_LOG_MODE,1,87,695801,0.140332,0.000000,88,7956,9.678391,15871.000000,98,80192,96.889812,0.000000,99,8057,9.771677,16073.000000,100,7994,9.915235,15950.000000,126.685075,47895.000000
2019-4-2_3:25:49,STT-RAM,BOPL_UNDO_LOG_MODE,1,87,695801,0.152398,0.000000,88,7956,9.699226,15871.000000,98,80192,97.068096,0.000000,99,8057,9.795736,16073.000000,100,7994,9.802556,15950.000000,126.782893,47895.000000
2019-4-2_3:27:55,PCM,BOPL_UNDO_LOG_MODE,1,87,695801,0.298779,0.000000,88,7956,9.683030,15871.000000,98,80192,96.938638,0.000000,99,8057,9.791704,16073.000000,100,7994,9.813736,15950.000000,126.814168,47895.000000
2019-4-2_3:30:9,STT-RAM,BOPL_UNDO_LOG_MODE,1,87,695801,0.184173,0.000000,88,7956,10.228742,15871.000000,98,80192,102.532330,0.000000,99,8057,10.357545,16073.000000,100,7994,10.364081,15950.000000,133.985273,47895.000000
2019-4-2_3:32:16,PCM,BOPL_UNDO_LOG_MODE,1,87,695801,0.131932,0.000000,88,7956,9.701115,15871.000000,98,80192,96.980712,0.000000,99,8057,9.796201,16073.000000,100,7994,9.800679,15950.000000,126.702011,47895.000000
2019-4-2_3:34:30,STT-RAM,BOPL_UNDO_LOG_MODE,1,87,695801,0.146022,0.000000,88,7956,10.262675,15871.000000,98,80192,102.855717,0.000000,99,8057,10.373679,16073.000000,100,7994,10.377184,15950.000000,134.326589,47895.000000
2019-4-2_3:36:44,PCM,BOPL_UNDO_LOG_MODE,1,87,695801,0.136772,0.000000,88,7956,10.253969,15871.000000,98,80192,102.565645,0.000000,99,8057,10.342925,16073.000000,100,7994,10.363157,15950.000000,133.969862,47895.000000
2019-4-2_3:38:52,STT-RAM,BOPL_UNDO_LOG_MODE,1,87,695801,0.161328,0.000000,88,7956,9.697101,15871.000000,98,80192,97.240160,0.000000,99,8057,9.801134,16073.000000,100,7994,9.845906,15950.000000,127.049333,47895.000000
2019-4-2_3:41:4,PCM,BOPL_UNDO_LOG_MODE,1,87,695801,0.129438,0.000000,88,7956,10.164459,15871.000000,98,80192,101.767123,0.000000,99,8057,10.276028,16073.000000,100,7994,10.291701,15950.000000,132.940073,47895.000000
2019-4-2_3:43:16,STT-RAM,BOPL_UNDO_LOG_MODE,1,87,695801,0.272216,0.000000,88,7956,10.052474,15871.000000,98,80192,100.657930,0.000000,99,8057,10.152522,16073.000000,100,7994,10.173441,15950.000000,131.585484,47895.000000
2019-4-2_3:52:11,PCM,BOPL_HASH_MAP_MODE,1,47,375485,0.109521,0.000000,48,8011,9.230269,0.000000,98,400337,504.933674,0.000000,99,8138,10.267156,0.000000,100,8029,10.134917,0.000000,534.934594,1.000000
2019-4-2_4:1:8,STT-RAM,BOPL_HASH_MAP_MODE,1,47,375485,0.187720,0.000000,48,8011,9.236183,0.000000,98,400337,506.500409,0.000000,99,8138,10.280780,0.000000,100,8029,10.139653,0.000000,536.608306,1.000000
2019-4-2_4:10:3,PCM,BOPL_HASH_MAP_MODE,1,47,375485,0.074404,0.000000,48,8011,9.227453,0.000000,98,400337,504.922278,0.000000,99,8138,10.256697,0.000000,100,8029,10.121478,0.000000,534.851278,1.000000
2019-4-2_8:55:18,PCM,BOPL_HASH_MAP_MODE,1,47,375485,0.065617,0.000000,48,8011,8.667871,0.000000,98,400337,474.987800,0.000000,99,8138,9.652974,0.000000,100,8029,9.524878,0.000000,503.139437,1.000000
2019-4-2_9:5:6,STT-RAM,BOPL_HASH_MAP_MODE,1,47,375485,0.067383,0.000000,48,8011,10.131128,0.000000,98,400337,555.994368,0.000000,99,8138,11.307980,0.000000,100,8029,11.159154,0.000000,588.904164,1.000000
2019-4-2_9:13:30,PCM,BOPL_HASH_MAP_MODE,1,47,375485,0.070611,0.000000,48,8011,8.679366,0.000000,98,400337,475.222693,0.000000,99,8138,9.660946,0.000000,100,8029,9.532272,0.000000,503.394816,1.000000
2019-4-2_11:32:37,PCM,BOPL_HASH_MAP_MODE,1,7,56101,0.007025,0.000000,8,8058,0.022776,0.000000,98,719718,20.104995,0.000000,99,8075,0.227923,0.000000,100,8048,0.225802,0.000000,20.721012,1.000000
2019-4-2_11:33:8,STT-RAM,BOPL_HASH_MAP_MODE,1,7,56101,0.008200,0.000000,8,8058,0.032809,0.000000,98,719718,30.387845,0.000000,99,8075,0.343345,0.000000,100,8048,0.340613,0.000000,31.270358,1.000000
2019-4-2_11:33:29,PCM,BOPL_HASH_MAP_MODE,1,7,56101,0.013169,0.000000,8,8058,0.022706,0.000000,98,719718,20.077635,0.000000,99,8075,0.229424,0.000000,100,8048,0.225349,0.000000,20.702666,1.000000
2019-4-2_11:33:50,STT-RAM,BOPL_HASH_MAP_MODE,1,7,56101,0.029144,0.000000,8,8058,0.022680,0.000000,98,719718,20.069415,0.000000,99,8075,0.227152,0.000000,100,8048,0.225496,0.000000,20.713498,1.000000
2019-4-2_11:34:10,PCM,BOPL_HASH_MAP_MODE,1,7,56101,0.013744,0.000000,8,8058,0.022656,0.000000,98,719718,20.066974,0.000000,99,8075,0.227528,0.000000,100,8048,0.225169,0.000000,20.688744,1.000000
2019-4-2_11:34:31,STT-RAM,BOPL_HASH_MAP_MODE,1,7,56101,0.009735,0.000000,8,8058,0.021996,0.000000,98,719718,20.114354,0.000000,99,8075,0.227775,0.000000,100,8048,0.225877,0.000000,20.739755,1.000000
2019-4-2_11:35:4,PCM,BOPL_HASH_MAP_MODE,1,7,56101,0.009105,0.000000,8,8058,0.033013,0.000000,98,719718,32.311664,0.000000,99,8075,0.365505,0.000000,100,8048,0.363609,0.000000,33.220206,1.000000
2019-4-2_11:35:25,STT-RAM,BOPL_HASH_MAP_MODE,1,7,56101,0.006631,0.000000,8,8058,0.022985,0.000000,98,719718,20.048457,0.000000,99,8075,0.227390,0.000000,100,8048,0.225083,0.000000,20.669967,1.000000
2019-4-2_11:35:46,PCM,BOPL_HASH_MAP_MODE,1,7,56101,0.096810,0.000000,8,8058,0.022979,0.000000,98,719718,20.068418,0.000000,99,8075,0.227318,0.000000,100,8048,0.225769,0.000000,20.773323,1.000000
2019-4-2_11:36:7,STT-RAM,BOPL_HASH_MAP_MODE,1,7,56101,0.013636,0.000000,8,8058,0.023359,0.000000,98,719718,20.987047,0.000000,99,8075,0.237959,0.000000,100,8048,0.237713,0.000000,21.645694,1.000000
2019-4-2_11:36:22,PCM,BOPL_HASH_MAP_MODE,1,87,695801,0.101837,0.000000,88,7956,1.084418,0.000000,98,80192,10.800719,0.000000,99,8057,1.088020,0.000000,100,7994,1.075303,0.000000,14.420953,1.000000
2019-4-2_11:36:36,STT-RAM,BOPL_HASH_MAP_MODE,1,87,695801,0.083274,0.000000,88,7956,1.093661,0.000000,98,80192,10.905128,0.000000,99,8057,1.096659,0.000000,100,7994,1.085282,0.000000,14.505377,1.000000
2019-4-2_11:36:51,PCM,BOPL_HASH_MAP_MODE,1,87,695801,0.082384,0.000000,88,7956,1.104323,0.000000,98,80192,11.017339,0.000000,99,8057,1.109570,0.000000,100,7994,1.098117,0.000000,14.665255,1.000000
2019-4-2_11:37:5,STT-RAM,BOPL_HASH_MAP_MODE,1,87,695801,0.169437,0.000000,88,7956,1.060685,0.000000,98,80192,10.561230,0.000000,99,8057,1.062904,0.000000,100,7994,1.052377,0.000000,14.154270,1.000000
2019-4-2_11:37:19,PCM,BOPL_HASH_MAP_MODE,1,87,695801,0.084289,0.000000,88,7956,1.069553,0.000000,98,80192,10.651355,0.000000,99,8057,1.073227,0.000000,100,7994,1.060570,0.000000,14.210004,1.000000
2019-4-2_11:37:33,STT-RAM,BOPL_HASH_MAP_MODE,1,87,695801,0.081105,0.000000,88,7956,1.023620,0.000000,98,80192,10.190019,0.000000,99,8057,1.024674,0.000000,100,7994,1.016293,0.000000,13.590030,1.000000
2019-4-2_11:37:47,PCM,BOPL_HASH_MAP_MODE,1,87,695801,0.077820,0.000000,88,7956,1.030224,0.000000,98,80192,10.271475,0.000000,99,8057,1.033895,0.000000,100,7994,1.022197,0.000000,13.680687,1.000000
2019-4-2_11:38:0,STT-RAM,BOPL_HASH_MAP_MODE,1,87,695801,0.081666,0.000000,88,7956,1.022164,0.000000,98,80192,10.190008,0.000000,99,8057,1.027016,0.000000,100,7994,1.015188,0.000000,13.588645,1.000000
2019-4-2_11:38:14,PCM,BOPL_HASH_MAP_MODE,1,87,695801,0.080754,0.000000,88,7956,1.023110,0.000000,98,80192,10.177400,0.000000,99,8057,1.023993,0.000000,100,7994,1.017193,0.000000,13.584643,1.000000
2019-4-2_11:38:28,STT-RAM,BOPL_HASH_MAP_MODE,1,87,695801,0.084574,0.000000,88,7956,1.088519,0.000000,98,80192,10.828966,0.000000,99,8057,1.088041,0.000000,100,7994,1.075638,0.000000,14.430522,1.000000
2019-4-2_11:43:10,PCM,DRAM_MODE,0,47,375485,0.075212,0.000000,48,8011,4.803438,0.000000,98,400337,264.146310,0.000000,99,8138,6.304060,0.000000,100,8029,6.219120,0.000000,281.838483,1.000000
2019-4-2_11:47:38,STT-RAM,DRAM_MODE,0,47,375485,0.098525,0.000000,48,8011,4.572125,0.000000,98,400337,251.155110,0.000000,99,8138,5.999899,0.000000,100,8029,5.909749,0.000000,268.017558,1.000000
2019-4-2_11:52:6,PCM,DRAM_MODE,0,47,375485,0.065911,0.000000,48,8011,4.572331,0.000000,98,400337,251.118889,0.000000,99,8138,6.004620,0.000000,100,8029,5.924575,0.000000,267.963355,1.000000
2019-4-2_11:56:35,STT-RAM,DRAM_MODE,0,47,375485,0.189624,0.000000,48,8011,4.597927,0.000000,98,400337,251.899288,0.000000,99,8138,6.018306,0.000000,100,8029,5.939274,0.000000,268.927212,1.000000
2019-4-2_12:1:17,PCM,DRAM_MODE,0,47,375485,0.083387,0.000000,48,8011,4.824591,0.000000,98,400337,264.244602,0.000000,99,8138,6.337663,0.000000,100,8029,6.238509,0.000000,282.025300,1.000000
2019-4-2_16:47:52,PCM,DRAM_MODE,0,47,375485,0.081900,0.000000,48,8011,4.558886,0.000000,98,400337,250.663710,0.000000,99,8138,5.996255,0.000000,100,8029,5.915398,0.000000,267.492663,1.000000
2019-4-2_16:52:19,STT-RAM,DRAM_MODE,0,47,375485,0.075026,0.000000,48,8011,4.544465,0.000000,98,400337,250.283145,0.000000,99,8138,5.978980,0.000000,100,8029,5.898805,0.000000,267.070234,1.000000
2019-4-2_16:56:45,PCM,DRAM_MODE,0,47,375485,0.071826,0.000000,48,8011,4.553583,0.000000,98,400337,249.719583,0.000000,99,8138,5.984636,0.000000,100,8029,5.895746,0.000000,266.503536,1.000000
2019-4-2_17:1:28,STT-RAM,DRAM_MODE,0,47,375485,0.076423,0.000000,48,8011,4.831493,0.000000,98,400337,265.135244,0.000000,99,8138,6.346615,0.000000,100,8029,6.250234,0.000000,282.942343,1.000000
2019-4-2_17:6:12,PCM,DRAM_MODE,0,47,375485,0.075357,0.000000,48,8011,4.834485,0.000000,98,400337,265.317634,0.000000,99,8138,6.357954,0.000000,100,8029,6.258032,0.000000,283.128799,1.000000
2019-4-2_17:10:53,STT-RAM,DRAM_MODE,0,47,375485,0.158902,0.000000,48,8011,4.821505,0.000000,98,400337,264.097280,0.000000,99,8138,6.325985,0.000000,100,8029,6.246327,0.000000,281.938290,1.000000
2019-4-2_17:15:37,PCM,DRAM_MODE,0,47,375485,0.082444,0.000000,48,8011,4.830436,0.000000,98,400337,265.472798,0.000000,99,8138,6.359489,0.000000,100,8029,6.270972,0.000000,283.300932,1.000000
2019-4-2_17:20:20,STT-RAM,DRAM_MODE,0,47,375485,0.074035,0.000000,48,8011,4.841088,0.000000,98,400337,265.423848,0.000000,99,8138,6.365597,0.000000,100,8029,6.269838,0.000000,283.276424,1.000000
2019-4-2_17:25:1,PCM,DRAM_MODE,0,47,375485,0.084329,0.000000,48,8011,4.792629,0.000000,98,400337,263.247298,0.000000,99,8138,6.307740,0.000000,100,8029,6.215878,0.000000,280.927674,1.000000
2019-4-2_17:29:43,STT-RAM,DRAM_MODE,0,47,375485,0.078898,0.000000,48,8011,4.803822,0.000000,98,400337,263.966041,0.000000,99,8138,6.312466,0.000000,100,8029,6.222339,0.000000,281.681171,1.000000
2019-4-2_17:29:53,PCM,DRAM_MODE,0,7,56101,0.008717,0.000000,8,8058,0.010278,0.000000,98,719718,9.673638,0.000000,99,8075,0.118722,0.000000,100,8048,0.117868,0.000000,10.067339,1.000000
2019-4-2_17:30:3,STT-RAM,DRAM_MODE,0,7,56101,0.006762,0.000000,8,8058,0.012897,0.000000,98,719718,9.717661,0.000000,99,8075,0.119545,0.000000,100,8048,0.118314,0.000000,10.116400,1.000000
2019-4-2_17:30:13,PCM,DRAM_MODE,0,7,56101,0.006441,0.000000,8,8058,0.009903,0.000000,98,719718,9.370933,0.000000,99,8075,0.114898,0.000000,100,8048,0.113986,0.000000,9.745978,1.000000
2019-4-2_17:30:22,STT-RAM,DRAM_MODE,0,7,56101,0.006284,0.000000,8,8058,0.009648,0.000000,98,719718,9.127801,0.000000,99,8075,0.111958,0.000000,100,8048,0.110955,0.000000,9.499428,1.000000
2019-4-2_17:30:32,PCM,DRAM_MODE,0,7,56101,0.006560,0.000000,8,8058,0.010259,0.000000,98,719718,9.681795,0.000000,99,8075,0.119059,0.000000,100,8048,0.118007,0.000000,10.073021,1.000000
2019-4-2_17:30:42,STT-RAM,DRAM_MODE,0,7,56101,0.006636,0.000000,8,8058,0.010280,0.000000,98,719718,9.731071,0.000000,99,8075,0.119463,0.000000,100,8048,0.118312,0.000000,10.126661,1.000000
2019-4-2_17:30:52,PCM,DRAM_MODE,0,7,56101,0.006186,0.000000,8,8058,0.009648,0.000000,98,719718,9.098674,0.000000,99,8075,0.111767,0.000000,100,8048,0.110944,0.000000,9.466442,1.000000
2019-4-2_17:31:1,STT-RAM,DRAM_MODE,0,7,56101,0.006264,0.000000,8,8058,0.009648,0.000000,98,719718,9.108277,0.000000,99,8075,0.111873,0.000000,100,8048,0.110855,0.000000,9.477677,1.000000
2019-4-2_17:31:11,PCM,DRAM_MODE,0,7,56101,0.006133,0.000000,8,8058,0.009633,0.000000,98,719718,9.098971,0.000000,99,8075,0.111868,0.000000,100,8048,0.110878,0.000000,9.464664,1.000000
2019-4-2_17:31:20,STT-RAM,DRAM_MODE,0,7,56101,0.006221,0.000000,8,8058,0.009634,0.000000,98,719718,9.114343,0.000000,99,8075,0.112010,0.000000,100,8048,0.110895,0.000000,9.487919,1.000000
2019-4-2_17:32:1,PCM,DRAM_MODE,0,87,695801,0.131289,0.000000,88,7956,3.134789,0.000000,98,80192,31.404304,0.000000,99,8057,3.173065,0.000000,100,7994,3.180173,0.000000,41.222456,1.000000
2019-4-2_17:32:44,STT-RAM,DRAM_MODE,0,87,695801,0.093060,0.000000,88,7956,3.197860,0.000000,98,80192,32.039439,0.000000,99,8057,3.239088,0.000000,100,7994,3.248323,0.000000,42.027611,1.000000
2019-4-2_17:33:25,PCM,DRAM_MODE,0,87,695801,0.126152,0.000000,88,7956,3.193400,0.000000,98,80192,31.942145,0.000000,99,8057,3.228945,0.000000,100,7994,3.241140,0.000000,41.931606,1.000000
2019-4-2_17:34:7,STT-RAM,DRAM_MODE,0,87,695801,0.128889,0.000000,88,7956,3.144848,0.000000,98,80192,31.453775,0.000000,99,8057,3.175808,0.000000,100,7994,3.182767,0.000000,41.292705,1.000000
2019-4-2_17:34:48,PCM,DRAM_MODE,0,87,695801,0.168042,0.000000,88,7956,3.129013,0.000000,98,80192,31.308067,0.000000,99,8057,3.158600,0.000000,100,7994,3.171944,0.000000,41.137657,1.000000
2019-4-2_17:35:29,STT-RAM,DRAM_MODE,0,87,695801,0.111855,0.000000,88,7956,3.114450,0.000000,98,80192,31.103884,0.000000,99,8057,3.144611,0.000000,100,7994,3.157252,0.000000,40.837654,1.000000
2019-4-2_17:36:10,PCM,DRAM_MODE,0,87,695801,0.106461,0.000000,88,7956,3.149973,0.000000,98,80192,31.579020,0.000000,99,8057,3.192110,0.000000,100,7994,3.198533,0.000000,41.425563,1.000000
2019-4-2_17:36:52,STT-RAM,DRAM_MODE,0,87,695801,0.171813,0.000000,88,7956,3.147263,0.000000,98,80192,31.486437,0.000000,99,8057,3.181729,0.000000,100,7994,3.189289,0.000000,41.385941,1.000000
2019-4-2_17:37:33,PCM,DRAM_MODE,0,87,695801,0.146816,0.000000,88,7956,3.161017,0.000000,98,80192,31.708183,0.000000,99,8057,3.249317,0.000000,100,7994,3.213053,0.000000,41.679141,1.000000
2019-4-2_17:38:16,STT-RAM,DRAM_MODE,0,87,695801,0.092985,0.000000,88,7956,3.214317,0.000000,98,80192,32.240015,0.000000,99,8057,3.266804,0.000000,100,7994,3.268696,0.000000,42.295432,1.000000
2019-4-4_0:59:2,PCM,FLUSH_MODE,0,47,234547,0.797172,1407281.000000,48,4977,9.392029,25732.000000,98,250325,531.247532,250325.000000,99,5111,10.936429,24946.000000,100,5040,10.839268,9076.000000,563.824948,1717361.000000
